timestamp,vendeur,acheteur,surplus_kWh,montant_Wh,tx_hash
2024-01-01 08:40:00,Foyer 3,Foyer 1,0.0512,51,f5aa91acb1126a0b7182ae486f1165b457e5d0c420929ae9790daafa592fda53
2024-01-01 08:40:00,Foyer 3,Foyer 2,0.0512,51,706963ad9b98ce57c7083ef0217a116065f32d236c3a4289a88c6a5e2895af18
2024-01-01 08:45:00,Foyer 3,Foyer 1,0.0548,54,fa23a3517647d1835c1f57e8b1ff626ed16a203fdab9e556c9d6dbd1c2d567f2
2024-01-01 08:45:00,Foyer 3,Foyer 2,0.0548,54,d9132a094f6c0ebb101ee4e923a26550965b2175768536f0cdc7e2f0d55d7e11
2024-01-01 08:55:00,Foyer 3,Foyer 1,0.0683,68,f0d8d917bf8ab7ee103c5d8e6ab3a550fc37f8e3ac171c29133a1c7382720011
2024-01-01 08:55:00,Foyer 3,Foyer 2,0.0683,68,76b9a5d2fcbde24c151f403ac76cebc5631b5b8313407ccab1fd3c01cafb7334
2024-01-01 09:05:00,Foyer 3,Foyer 1,0.0907,90,c931cdfc4931d915d5f30f1a7e14d640c5daad8a5819b545d7129c3baebac292
2024-01-01 09:05:00,Foyer 3,Foyer 2,0.0907,90,ee1b19dd13a036384026a858826e6eb80c51a27057a476bf2c6067575ed75b07
2024-01-01 09:10:00,Foyer 3,Foyer 1,0.0964,96,6a8e52625038c1de5ede8d5f9b5fe82d6dc656207f56af00d896f31f2cedf2e0
2024-01-01 09:10:00,Foyer 3,Foyer 2,0.0964,96,ce7d77b6f6dd5e2decf124d89dd18450693a5da3442e9cf5d5bc81917a1a2957
2024-01-01 09:15:00,Foyer 3,Foyer 1,0.0835,83,db1962289002cb1f3a4cf845ca2605815f70910091ad807f4103810829371378
2024-01-01 09:15:00,Foyer 3,Foyer 2,0.0835,83,2411bec84981c3e327a0728330204d5744d6b1f27d5cf7f67a741700a4ae0f0e
2024-01-01 09:20:00,Foyer 3,Foyer 1,0.0768,76,6dee8bb4e0ceed5f89402d3e1577f6dd94c9dd4abd1c76aeef77178722eac409
2024-01-01 09:20:00,Foyer 3,Foyer 2,0.0768,76,503e5626f645caa893458a3e9f48e06ebbfc7a4fcb405e0e7afb81a7f5b081be
2024-01-01 09:25:00,Foyer 3,Foyer 1,0.0748,74,9c3de3bb263aef7d0c89030acce5a05d6b32413404f2bc8e4d5189b4505a1ca8
2024-01-01 09:25:00,Foyer 3,Foyer 2,0.0748,74,ff0308ba18be588d34731f326f224c16b8a49fe4dfcb8007bcf54d7d418f5f3b
2024-01-01 09:30:00,Foyer 3,Foyer 1,0.1023,102,a0b047c3dc889eac275c564b7a09680f67263ce1b429bcf5baf0f99ec4f460a2
2024-01-01 09:30:00,Foyer 3,Foyer 2,0.1023,102,9746f723b4e8202462b1c8902a5f6ba952be03d214f4adea697eb0d3522bd1b9
2024-01-01 09:35:00,Foyer 3,Foyer 1,0.0906,90,b18e89a3fa12847320c15a186ce11127ee8576870e7b284239e95e5e0c33f069
2024-01-01 09:35:00,Foyer 3,Foyer 2,0.0906,90,5eb355ff837f4ed5732aa041fcdb01d91a2386dc43a00e83dfcf329a8a28e7b6
2024-01-01 09:40:00,Foyer 3,Foyer 1,0.0946,94,af82da621590cc61059d2e78f48a0f077e36ccc6704bda39a943a72840bfd111
2024-01-01 09:40:00,Foyer 3,Foyer 2,0.0946,94,ad8aa8f6f885703f5a8f4d171facb7004068b17ea3b85e7b208948368171beff
2024-01-01 09:45:00,Foyer 3,Foyer 1,0.0887,88,2c99948ad69930571a79d540eb0d00927f04fadd6be51ce34cb9652712b558d8
2024-01-01 09:45:00,Foyer 3,Foyer 2,0.0887,88,9446bdbc871e3fb4787e95a5ba87a158bd09b85fbe6ecb453908777e83393cbb
2024-01-01 09:50:00,Foyer 3,Foyer 1,0.1295,129,d023a3dc35d9a7ef2a1ffab9b198c74e6dd5ced60fc80c5bcc9c723b822231e3
2024-01-01 09:50:00,Foyer 3,Foyer 2,0.1295,129,234502129cf332307ce8418136cf47babd481b1bc8e4badfb3f448cda1a6507b
2024-01-01 09:55:00,Foyer 3,Foyer 1,0.099,98,179f6b7691f9e0514c4642208cbb847498eac4770d3ef7455f879ec4c76b62d1
2024-01-01 09:55:00,Foyer 3,Foyer 2,0.099,98,dbd8aad1883131c693d5fef823a8159f2c13fc46fdab4fe377d21970d38a7d25
2024-01-01 10:00:00,Foyer 3,Foyer 1,0.0839,83,5fbd5b1e4b28b77334a062e0328ffe9b515335172dfb24f4e935b6fdf5901c1a
2024-01-01 10:00:00,Foyer 3,Foyer 2,0.0839,83,4d3832df8c8c6d17aa2a492dc194239ff9dff81b4232023fa5a1666a0fbecf35
2024-01-01 10:05:00,Foyer 3,Foyer 1,0.0727,72,6f7877e3f49614495b0525a47f507f699bbf0680b37796b02843ea7a707a9287
2024-01-01 10:05:00,Foyer 3,Foyer 2,0.0727,72,7a12661758b322505c3bf3ed05346397498a203d1f2c9b449bc522ef4fb8c007
2024-01-01 10:10:00,Foyer 3,Foyer 1,0.0686,68,4876f2bc311a2d0ddac28068430e9f55ff728aeb6ccf8dc0836cc1e30dc569c5
2024-01-01 10:10:00,Foyer 3,Foyer 2,0.0686,68,2b8b9b8175a869f53687710638168d086ec0c49658e23467a39f02ce48c34533
2024-01-01 10:15:00,Foyer 3,Foyer 1,0.071,71,22c6fcede0c596afd118e22da2003fec5c082d4110c1d43ebc96e363168ca4ce
2024-01-01 10:15:00,Foyer 3,Foyer 2,0.071,71,76cd650b3d337b513dd09c9ed83ace88bd83978311e884b928168aa01dab2e75
2024-01-01 10:20:00,Foyer 3,Foyer 1,0.1058,105,7fe5983ef30b9b926f94863be510ca188f1096b15b8a3b7a7f8faf4b64ab2582
2024-01-01 10:20:00,Foyer 3,Foyer 2,0.1058,105,5386b41a30c73d4657b92236148f8b559784c087183ab9b7a78aef73e4a8d880
2024-01-01 10:25:00,Foyer 3,Foyer 1,0.0609,60,da833662050574b3315431f36b76f3e4933c1e332447e499cc910426851341fe
2024-01-01 10:25:00,Foyer 3,Foyer 2,0.0609,60,d148f2d09b68204b9d94b9b59d23904f1517f9f7c711f0e68896871e6c2b44da
2024-01-01 10:30:00,Foyer 3,Foyer 1,0.0934,93,153b21fd0bc08a503200e322872cbce36d5ad44c88369d493c074f8f0c8f6e79
2024-01-01 10:30:00,Foyer 3,Foyer 2,0.0934,93,1a77f1fd944bbce3c1eb119e963e1a1c3221836fda2368dd6d0d3945dc7188aa
2024-01-01 10:35:00,Foyer 3,Foyer 1,0.0996,99,da185b906c1c11fb6c7fa9bf59e6172af46b26d7912d73b847c822d03f01708e
2024-01-01 10:35:00,Foyer 3,Foyer 2,0.0996,99,49969965746fb336c4e0c1af2088f66b03f70a212c7501ac8cd446ead2627bab
2024-01-01 10:40:00,Foyer 3,Foyer 1,0.1116,111,a078a708fdf2f2b6efd5b48a0389a23c189ca5a327afadbedbfa66bd44be36b6
2024-01-01 10:40:00,Foyer 3,Foyer 2,0.1116,111,59c930e8a4189392dd59b5fbf63766233f4f0ea3dff2d47347ae2afde763426b
2024-01-01 10:45:00,Foyer 3,Foyer 1,0.0814,81,3c83aea2ac23a7f9e0d25e08f55a6417a88eac8c1a73949c13489fbbb9792e18
2024-01-01 10:45:00,Foyer 3,Foyer 2,0.0814,81,18b4efc7fb7982ffbadaae39bbe126dd2332c524e429a42f228f03a38702b282
2024-01-01 10:50:00,Foyer 3,Foyer 1,0.0924,92,db4c471e9e97475055545a1df222945528f6f5d33ed222dcd1bef82f4599d0c2
2024-01-01 10:50:00,Foyer 3,Foyer 2,0.0924,92,cce2d6dc41774aca8f1e9dcc0eddcf5a260dfccd16cd1f657b6fb927417a43a9
2024-01-01 10:55:00,Foyer 3,Foyer 1,0.0842,84,3e19eb1cbd18ce7b2d80765b67389f87b430214229554a8543d93eb2fbd021c8
2024-01-01 10:55:00,Foyer 3,Foyer 2,0.0842,84,0d43bc1fab7d25f2093c249369c57c6669110b004ce9d8b159f9e193a9ea2b8d
2024-01-01 11:00:00,Foyer 3,Foyer 1,0.1104,110,140c9d6981c1e64970c70f4719da34755f70d801d2829001c7e241f234e626df
2024-01-01 11:00:00,Foyer 3,Foyer 2,0.1104,110,790cad6358ecad18e6b11a358610aa0418394828dc310480712fb4bb4e0cb236
2024-01-01 11:05:00,Foyer 3,Foyer 1,0.0691,69,df7c69e0c7861946a2d5385677ec10c0b1cde6479e97032da9ce1031a2f6e71e
2024-01-01 11:05:00,Foyer 3,Foyer 2,0.0691,69,6c3a23b95b60ce39abcaad8cdcb3edfa6779ae0c581d4bf0febc1ba21ac29bc3
2024-01-01 11:10:00,Foyer 3,Foyer 1,0.0912,91,414be5afc364cfd6929e7ddf4b874aa2038a103e285250d59e36357ffc09205a
2024-01-01 11:10:00,Foyer 3,Foyer 2,0.0912,91,406b5a5227d655fa7b7ff3609160f67755a992ac4ed4fd0a39ee48a3c3fd7388
2024-01-01 11:15:00,Foyer 3,Foyer 1,0.1235,123,9f71c8229e9a1b63672680db9d209692efa852f3db1a09b2ff5bdfa1edf90ffb
2024-01-01 11:15:00,Foyer 3,Foyer 2,0.1235,123,3350577c736e25c879485d9d63b2bf3da91f92f229dca0753f48db6a840dc37a
2024-01-01 11:20:00,Foyer 3,Foyer 1,0.1138,113,1a9bdcb873172db5a4b0a46516ef2a7a0882504be77fc82c0b6f4908762f6aed
2024-01-01 11:20:00,Foyer 3,Foyer 2,0.1138,113,1adfb681ea783e9cddea22a6a0a8aed4d2bb69ba2a787f4c5ecc27d7244cab0b
2024-01-01 11:25:00,Foyer 3,Foyer 1,0.1225,122,134ed56ada8e60fe9632fe83f079b22ca37f5ba5b527ab26ffa50766e111f760
2024-01-01 11:25:00,Foyer 3,Foyer 2,0.1225,122,839da918cdf5259443281df9738eb6a0042fb7e8f70316af658d04c8bb340348
2024-01-01 11:30:00,Foyer 3,Foyer 1,0.1405,140,97a31ceadba599e6165661ecbfafd64d6726facc0e1b4b6058fd3355c1256542
2024-01-01 11:30:00,Foyer 3,Foyer 2,0.1405,140,f213996da763748ac8741af8d726821709f492a80d9a437f8ba8c64960ea31c9
2024-01-01 11:35:00,Foyer 3,Foyer 1,0.1165,116,c8b7f83f15df3e1d3a8959b4d2c465572f9c03096b0ac17c58cec168326e9fe7
2024-01-01 11:35:00,Foyer 3,Foyer 2,0.1165,116,354e857e9c4d6d2b7bed8ad3bab058afc7bf8f5d21c8066f08f5b570adb13faf
2024-01-01 11:40:00,Foyer 3,Foyer 1,0.1522,152,ce1815ad94601c93f98eabf6a676d5ba22efe6c458586fcb847ad8bfe3654d4d
2024-01-01 11:40:00,Foyer 3,Foyer 2,0.1522,152,7c81090df3b690fb4cd28aadeb3af6bf586a4fed10db53360e5a29ebc392a1fa
2024-01-01 11:45:00,Foyer 3,Foyer 1,0.1637,163,bf1c392f255c470d74d844e604bc6ee53869fac217cad61a43098bf43e5f6843
2024-01-01 11:45:00,Foyer 3,Foyer 2,0.1637,163,88fb2e132cb3df0425e23c055d1bfa41748673adf4dd4413e3b7f27786894a98
2024-01-01 11:50:00,Foyer 3,Foyer 1,0.1909,190,830941e7e5567478b4eea6b68fbfc1b7c41125640061b7b6730aecdc4d0bb8e7
2024-01-01 11:50:00,Foyer 3,Foyer 2,0.1909,190,fdd527c751ee97a159e5b8f117c5d2052d93f9b5dd99e5e385eb47c19fe89eb1
2024-01-01 11:55:00,Foyer 3,Foyer 1,0.1384,138,4ec076e5772f810559fbb625340a9e704b9f9858999e3d6fb50680dc70229223
2024-01-01 11:55:00,Foyer 3,Foyer 2,0.1384,138,dabe0c835cef2256e677fe15f5cf4b77bfa96c3c65caa50d4ceb6f80ab5e0fb0
2024-01-01 12:00:00,Foyer 3,Foyer 1,0.1534,153,84f6923944c3d34f8224ec653568764d6fd677f6e463922a690aec8d77c050d0
2024-01-01 12:00:00,Foyer 3,Foyer 2,0.1534,153,5bc40a0a15a8c14e0d078adb45a94d79774757a43af3c6d29b052908f15d53df
2024-01-01 12:05:00,Foyer 3,Foyer 1,0.2,200,3021e1e9664e073c765dc67226d53ca329a5b30b757276c1e341ae286f6f9070
2024-01-01 12:05:00,Foyer 3,Foyer 2,0.2,200,c31cbc01f93864f4e9130082c90b2bc798698e0a73a0120e233bb5aebe5ddd8a
2024-01-01 12:10:00,Foyer 3,Foyer 1,0.1917,191,b65efad739a8a8f2f3bcbb579359740ca0125f7070f0791d8ae8b28829542c97
2024-01-01 12:10:00,Foyer 3,Foyer 2,0.1917,191,7c40c38fa9afd0a04a5a77fe36b9721f0e5f2cdb92a3025db3ebbb7c3d54cde0
2024-01-01 12:15:00,Foyer 3,Foyer 1,0.2075,207,a0eff18afebb4f1d7524881830c72f2f3777754f5bfbc399388318c95220b7d5
2024-01-01 12:15:00,Foyer 3,Foyer 2,0.2075,207,a1b4582a738f9862665fd98634bc354c897eebc16ded78f0b1a805de44184810
2024-01-01 12:20:00,Foyer 3,Foyer 1,0.2361,236,9b1bba17818982beaff24c1ed2d5366cd0dfee49de5294fb883a0e2fd2f797e5
2024-01-01 12:20:00,Foyer 3,Foyer 2,0.2361,236,889103049162b88b56d5c1cd38020acd1d21c43bd103e206a4014d03d2c28af5
2024-01-01 12:25:00,Foyer 3,Foyer 1,0.2227,222,d75852e767d2a8f14ca77fa135567721a387c7be27f50609672ee5bc30d99f66
2024-01-01 12:25:00,Foyer 3,Foyer 2,0.2227,222,66d2216ea4ae73c058814aae38dd98d19167bc104c928ce3d34c5c8a2ca34307
2024-01-01 12:30:00,Foyer 3,Foyer 1,0.2705,270,c9548475c2e21799a5609b3a22c77e0daa39d7da43d142e6b05aff069795eca9
2024-01-01 12:30:00,Foyer 3,Foyer 2,0.2705,270,784718cdeb29299d819d0bd71c4bba9a326736da874246de454dec76420125c7
2024-01-01 12:35:00,Foyer 3,Foyer 1,0.2635,263,4c872e165520ad1e881beaf486282c608bc26f1d1420c1154a706a7166756e46
2024-01-01 12:35:00,Foyer 3,Foyer 2,0.2635,263,45f7863477224c54e6abf0555192efbbb824ac83ce2c83299a0c22eb3b5246ba
2024-01-01 12:40:00,Foyer 3,Foyer 1,0.2896,289,460ab828447413fba7b49ac6e771486bf2c59ae4cac268600490f8e739fc96a5
2024-01-01 12:40:00,Foyer 3,Foyer 2,0.2896,289,68016dba2f1919182b867ecce5daeecbb19fbd4103c618e936c662e5c9c10315
2024-01-01 12:45:00,Foyer 3,Foyer 1,0.2738,273,bcc430b73c5e2c3d6d5d9919a69f04ea2f5491f68b90e3f27294ddd77b2b5b98
2024-01-01 12:45:00,Foyer 3,Foyer 2,0.2738,273,e629117bba770550c19f2f9f0594d6211ec5c313edaf7dd143b3a62051394f8c
2024-01-01 12:50:00,Foyer 3,Foyer 1,0.307,307,f28ee7b2288c075cd09391a876fd8ab31d447e2f968a1b44ea7b78eb312a31fe
2024-01-01 12:50:00,Foyer 3,Foyer 2,0.307,307,2bbac48b313816368e4801518930a342ad74e9bd532b1218970388278cea3522
2024-01-01 12:55:00,Foyer 3,Foyer 1,0.3502,350,9c9998f086967a96a21d0b1a3dbafac9535466684aa855c94cb780c8a939c92b
2024-01-01 12:55:00,Foyer 3,Foyer 2,0.3502,350,b9fd3529b94a7998ad3fed86510a2731deb2210e05ae160ec5ecc8a077d169c3
2024-01-01 13:00:00,Foyer 3,Foyer 1,0.3299,329,a053d1616b078fd3acdc7e38c50f73ba322f318d62d51cadd8b36933c7ddfc40
2024-01-01 13:00:00,Foyer 3,Foyer 2,0.3299,329,1a07ad8a4d76383e24bc82cf8b60abe241643d905d859cd14752fe13f0a7f365
2024-01-01 13:05:00,Foyer 3,Foyer 1,0.3579,357,3ef77476513a3ce921ae4d5ac68364f050ac89e3e28a08557124468ad957a40e
2024-01-01 13:05:00,Foyer 3,Foyer 2,0.3579,357,ab0d679b181ac62dd0e44f1d747f5f7f11764e534a24f40160e51a07271c939c
2024-01-01 13:10:00,Foyer 3,Foyer 1,0.3477,347,5adb0447469ef6f1953aeff7621477216b0f9c5768a5fef685208dac718755dd
2024-01-01 13:10:00,Foyer 3,Foyer 2,0.3477,347,c2b0fc5a04d79d98d78f91ba9142d130cfe5e5934effc08fcd92b1ef122d0610
2024-01-01 13:15:00,Foyer 3,Foyer 1,0.3594,359,4142c10214415a0d71e7c6fb9b964b4cbb9adedaa76ed224b0d15e59dd3d00e9
2024-01-01 13:15:00,Foyer 3,Foyer 2,0.3594,359,5b4870cc0489342d7cf466ae912c5b2d78e3fa375caa86dc66ece5edf67fc3ae
2024-01-01 13:20:00,Foyer 3,Foyer 1,0.3759,375,2783b9d0af197e5c53b58e1308ebacdea712919c6f94c34eca7bde422b6e4edf
2024-01-01 13:20:00,Foyer 3,Foyer 2,0.3759,375,ba5c2dc75169f8ffacbd767f6ef0cfa4bcac3b76451cada499d5eafc6c3ae604
2024-01-01 13:25:00,Foyer 3,Foyer 1,0.3677,367,32141bf913c3c1d20e3618482aaf95f1441d225b6b150edefe3c5b12716bc511
2024-01-01 13:25:00,Foyer 3,Foyer 2,0.3677,367,b04d331d1a409e8f81566a0f6de422c8041c88239d6a374b46096de5863c0d6a
2024-01-01 13:30:00,Foyer 3,Foyer 1,0.3898,389,4e5e59fdd7350bec56f608d32e488061b91256480901aa7ac8626baaf938e136
2024-01-01 13:30:00,Foyer 3,Foyer 2,0.3898,389,ce26094cd6c5714d14cbdb8f066ef246094ed75c76ff8b26fef2f39e37663443
2024-01-01 13:35:00,Foyer 3,Foyer 1,0.3658,365,c3b3edd86f51a407c591ee718dc54d2d28e495f2c6acee0f9aad2c0e7a99cd6e
2024-01-01 13:35:00,Foyer 3,Foyer 2,0.3658,365,5e30d85b7270d8548d79cf3aa7b145b4406653467cb2ab6403b3e060e02663f1
2024-01-01 13:40:00,Foyer 3,Foyer 1,0.3796,379,8b70e793f098713b716b5e152bcaa6a77ff7e2b28ab797c649e2158db97c41aa
2024-01-01 13:40:00,Foyer 3,Foyer 2,0.3796,379,682905ec8baf1c2e4a2e5732ac79c83a4e348126a18e79a7f9ab2cc6afd31b6a
2024-01-01 13:45:00,Foyer 3,Foyer 1,0.3563,356,2d25e48cadf56e17e190ea878afd347a334808457cc00d4651c8dc585ea6b386
2024-01-01 13:45:00,Foyer 3,Foyer 2,0.3563,356,42ae5f68caa1225bafe4f2cbaa2367bd73848895e1436a3480c52e5f4ad8d627
2024-01-01 13:50:00,Foyer 3,Foyer 1,0.3928,392,79a2abf158fc07bb146c7f3863e6b28a2165b80409ae2694c4cf4b1a1af8191c
2024-01-01 13:50:00,Foyer 3,Foyer 2,0.3928,392,9ff5bf74d862b36ebff59bf3e8b74825d17f2b38f4177fab2ec65435aefe4540
2024-01-01 13:55:00,Foyer 3,Foyer 1,0.4214,421,cad20f6495a53e88dd002f2f021fe2324b3f397f502c2432edd547389b0bb0fc
2024-01-01 13:55:00,Foyer 3,Foyer 2,0.4214,421,deff789c0773dab0bec196546315f28ce9a9b2c53c6753b8e8bf1baa85060d4e
2024-01-01 14:00:00,Foyer 3,Foyer 1,0.3677,367,9f5d22310ca05317d4d80e235101a036f8fd4ab9f6d50c5bdf24b277e94093f6
2024-01-01 14:00:00,Foyer 3,Foyer 2,0.3677,367,cc118999400b863bab97ee5eaea1a656c9c55da8bbf255937321d2676f8d9a0e
2024-01-01 14:05:00,Foyer 3,Foyer 1,0.3572,357,a50068732bf31fc8400445839fa44d1b13be35ab4059ae8e387f920c05e55bed
2024-01-01 14:05:00,Foyer 3,Foyer 2,0.3572,357,41b05f941e79a95b635a2c20c57df866291983a88ace440409a94e0e8b3a4b17
2024-01-01 14:10:00,Foyer 3,Foyer 1,0.33,330,6afb1209d6daeced0576d7a7dc1cd7eb79c7c893fa2c490cf58a6ea5f86bc03a
2024-01-01 14:10:00,Foyer 3,Foyer 2,0.33,330,a3234b4e4f198c35d6482110e8c6bfc0beb8721efd55b9c41d52126bdce66db4
2024-01-01 14:15:00,Foyer 3,Foyer 1,0.311,310,510a21e821cda34789cfe1b5421aeacfac45f3304649cfb7e424374ccb2f1b9a
2024-01-01 14:15:00,Foyer 3,Foyer 2,0.311,310,9d40fa1675f621d2c457d9da01df079360bbca1be63eacbfd0d814201cbfea91
2024-01-01 14:20:00,Foyer 3,Foyer 1,0.3567,356,96d79171d60dc25e5fe4e2e3ea88e984a30625ebaa04c1aadb34f1abbb062219
2024-01-01 14:20:00,Foyer 3,Foyer 2,0.3567,356,11ae8a0e04ca736ba63547f131c780db0d8b38e57d5e975716bbbfa0bf407fa8
2024-01-01 14:25:00,Foyer 3,Foyer 1,0.3546,354,606f7f91c938ea144f2c61624c8959ba6bfe2b3301f4299670a0f7c967d48767
2024-01-01 14:25:00,Foyer 3,Foyer 2,0.3546,354,4e0d7d1745fc9faaa6db8c4888d41c376982c046a634191ce0e51b81b9d68bb0
2024-01-01 14:30:00,Foyer 3,Foyer 1,0.2832,283,a40b9c15c1c2b47dae5a70073349e444bb7fa3cc84a7f6e586d8e56168fd2645
2024-01-01 14:30:00,Foyer 3,Foyer 2,0.2832,283,3465427e9069ef8f0a9aa9c0a71924ea023743003ad1d8bc8be42131dfe7cf9f
2024-01-01 14:35:00,Foyer 3,Foyer 1,0.2801,280,9a298708530dce6702d940f3a709a5d9b67d4e3a7257150c13ea61cbc0f289ee
2024-01-01 14:35:00,Foyer 3,Foyer 2,0.2801,280,29082dad16b72bc0cde995929406654d41c9ecbe8bf910e6e4ce6009caa172df
2024-01-01 14:40:00,Foyer 3,Foyer 1,0.286,286,545874ebf9f94439b7bd82ad131c89937f7cc33409f6ba3c49bddcbfd7e01dce
2024-01-01 14:40:00,Foyer 3,Foyer 2,0.286,286,acd3a2d79fb8a42c7f17061f28101085028c20db1be0dea5ed010ff31070cdb1
2024-01-01 14:45:00,Foyer 3,Foyer 1,0.1956,195,2bda586f69870608eafd90e9626798a247a333726928a779584ac3353d264dbe
2024-01-01 14:45:00,Foyer 3,Foyer 2,0.1956,195,f273c741155ff325a0a59d89a8108824823fe274930be18f97c2b80308f15564
2024-01-01 14:50:00,Foyer 3,Foyer 1,0.2554,255,56540ac4a9b730381b3051b2a63dfaf4b600da568a2e65b38fc24587d96871d1
2024-01-01 14:50:00,Foyer 3,Foyer 2,0.2554,255,bb0b30f6e0149374cba512c5f1e0c06febb52a1883181451eefb3589ac403521
2024-01-01 14:55:00,Foyer 3,Foyer 1,0.2253,225,ad32432a1acc14dbd94c8d7f9568f48b34a707a376279492173ddcbff4503de8
2024-01-01 14:55:00,Foyer 3,Foyer 2,0.2253,225,e27d41a72c8555bc36a5f0296fbe0b6ec0b22960d27ea87860c5d4c35c736bcd
2024-01-01 15:00:00,Foyer 3,Foyer 1,0.2538,253,c0be52a4592b55153e6a448a86151c0f8f23f791f7a7ed76e2a488571ae7a2d0
2024-01-01 15:00:00,Foyer 3,Foyer 2,0.2538,253,f83a5efec2581d612306a8535b646a17f2893375f1999da65ced75de840abb8c
2024-01-01 15:05:00,Foyer 3,Foyer 1,0.2053,205,8e7333f6157714ef895a6a884e133700d70333f53f29996955d7244e721180de
2024-01-01 15:05:00,Foyer 3,Foyer 2,0.2053,205,107746ade9b5b49d29e52a5da1335fe0b59c89a39043f06aad4c8c960ef83b60
2024-01-01 15:10:00,Foyer 3,Foyer 1,0.1668,166,65922fc5071c4979110a4d49d7eedd2920c8e2dff33a72f6e48c7f8e23d457c3
2024-01-01 15:10:00,Foyer 3,Foyer 2,0.1668,166,d0699d4a67141d686c1931eb075fb29221bba1c06cdf5c024b26cd6c864837eb
2024-01-01 15:15:00,Foyer 3,Foyer 1,0.1435,143,cefe2d2f33b234e5b2909ca967c8014a8e6264e52ac832f477379ac21c2057a5
2024-01-01 15:15:00,Foyer 3,Foyer 2,0.1435,143,59f15a978fbdc6f5ac617e59037b93c9416091131c07701e99fd14f57b7792d7
2024-01-01 08:55:00,Foyer 4,Foyer 1,0.0565,56,eb65656a8ea23881b09e4d33937c5fb50b384019dfc6d14892cd9d8b0ce7c292
2024-01-01 08:55:00,Foyer 4,Foyer 2,0.0565,56,c4d2b273105378da1088c4a31f1948e37f8e3f96645960e74987cce02363a19a
2024-01-01 09:00:00,Foyer 4,Foyer 1,0.0703,70,d182f5474f59c35995ced5d4a28e9a08e6d3d0eeef4c00fafe838fd3797df4ea
2024-01-01 09:00:00,Foyer 4,Foyer 2,0.0703,70,e3d47d964364b222676582df6d492db224d50572749c3c644451f3cc272b3270
2024-01-01 09:05:00,Foyer 4,Foyer 1,0.0788,78,b1fc2a72ca199eb58396a7a1092991febe69a05b3d7f333e6cef9e5ae727be44
2024-01-01 09:05:00,Foyer 4,Foyer 2,0.0788,78,697a2a02a2fbc6aa3ee43ea3573e0b9eddfd894bb4cd63f30d08bcc5520a7b2a
2024-01-01 09:15:00,Foyer 4,Foyer 1,0.079,79,1826b2780fa138d1fd4304e167ef6f7091bd8995352cdcc51fffbe5b70acc402
2024-01-01 09:15:00,Foyer 4,Foyer 2,0.079,79,564d4426973834663c3472f1430aa8211ba4df922fb03a63d4ded8c3b224bb9d
2024-01-01 09:20:00,Foyer 4,Foyer 1,0.0763,76,d8361fcbefa1796ab86aa8105537b22ed46520743da041475388e018e7c55eef
2024-01-01 09:20:00,Foyer 4,Foyer 2,0.0763,76,f3aff96142daa8bf12a4155816a33736d5ccaee546d0215fba92dfd60217393f
2024-01-01 09:25:00,Foyer 4,Foyer 1,0.0839,83,40376b4a029c24a8ae145e04582f60f469dd176e539e7e8fde204077c506b1a2
2024-01-01 09:25:00,Foyer 4,Foyer 2,0.0839,83,dd66d2772eb0f80380e3e9f58daecd3a36ac44a9591ad2172ed018cef8ab0837
2024-01-01 09:30:00,Foyer 4,Foyer 1,0.0843,84,f3c86b00912117a89c3ca9a115231b0bc50044cf27fcdda3f244388cb77bc496
2024-01-01 09:30:00,Foyer 4,Foyer 2,0.0843,84,7f9ec0665449c2c38d4152fb73913d3ce31d4eefbcd6d7fe09cde7e78deedbe7
2024-01-01 09:35:00,Foyer 4,Foyer 1,0.0799,79,eb3c17dbfc8c25c5974e0035847d1618946f5131a261a25ec2c5739ff0a043ec
2024-01-01 09:35:00,Foyer 4,Foyer 2,0.0799,79,e5167450721be17f69c8cb4d54bcf15ddc9138af1af03bc3569435d309188eeb
2024-01-01 09:40:00,Foyer 4,Foyer 1,0.0757,75,b976592cf688dda408bd48e5807373cc84db0c687714f9d58b60d03cf718fce8
2024-01-01 09:40:00,Foyer 4,Foyer 2,0.0757,75,917adca1dc7083960a7f68d20a81286c658310bed9332460ac9e3f6f147694df
2024-01-01 09:45:00,Foyer 4,Foyer 1,0.0898,89,110fcd5fc72b704cc5606f36c0dfc2f38d8c28bea404c542465cc80bb4ea66d1
2024-01-01 09:45:00,Foyer 4,Foyer 2,0.0898,89,e622ae7666dd04b3298c05934a48652fa54cc2f8b914d47a4b156a47dae713c4
2024-01-01 09:50:00,Foyer 4,Foyer 1,0.108,108,b8c618d63da65381e933e7f594540a1e4624899097b1a62d74df9f34a0752bf1
2024-01-01 09:50:00,Foyer 4,Foyer 2,0.108,108,3fa2ac9ad6504d1678dfb031b2e031624fa0868846ff8d880d55753c07581898
2024-01-01 09:55:00,Foyer 4,Foyer 1,0.1214,121,2589b0c642b7c5c05e5d9ed6c955882d9b02c2df797a4928ce1cf9b81b0c6955
2024-01-01 09:55:00,Foyer 4,Foyer 2,0.1214,121,8b17a77e2e468231bd949bb744dceb0f4a199b07e44572d5c1c4c274b2c6d19d
2024-01-01 10:00:00,Foyer 4,Foyer 1,0.0731,73,6f594e1f13fb7bf10489af50802ef47aef0be83a313191c130c0a76c2a4d3a6a
2024-01-01 10:00:00,Foyer 4,Foyer 2,0.0731,73,e82d4c8e7eb5f9126d76ba0823ff4c465e4b1794d9b86f75c6f0320d192a8a86
2024-01-01 10:05:00,Foyer 4,Foyer 1,0.1062,106,895329b3f8ce3e07692c1e120f984bd430305bacf6d370acf8efc1c52bb98404
2024-01-01 10:05:00,Foyer 4,Foyer 2,0.1062,106,8d94fcaca13821a6698d0eadf8ae3de706b7b5a81f26e277e70499605673ed4e
2024-01-01 10:10:00,Foyer 4,Foyer 1,0.0788,78,d6ff531b20e29d35aa09e97e4c140206386d6d27c0991638a246515c48ccce6c
2024-01-01 10:10:00,Foyer 4,Foyer 2,0.0788,78,363e57bd75e9caf8eb6fd209eff0dc91c0050988accda474cd91b8b69e9721fd
2024-01-01 10:15:00,Foyer 4,Foyer 1,0.0848,84,bc59a5281c4c130d05d3efe9f698ba20c923c1fac89a2f789746b040b9e22b60
2024-01-01 10:15:00,Foyer 4,Foyer 2,0.0848,84,d42de455b96896ca339ee32b7673497eb18b1ed91bbff63fddcc56577dd928b0
2024-01-01 10:20:00,Foyer 4,Foyer 1,0.1374,137,baac93305702825f54d440993210f60cf5695eb2e306d42c9e82c52fef96ee68
2024-01-01 10:20:00,Foyer 4,Foyer 2,0.1374,137,46325cffc8e1ffddb51f7382b663ec2b5a0c85143d86320808bbc2102630535a
2024-01-01 10:25:00,Foyer 4,Foyer 1,0.1136,113,a41df3e3ef335889c387db25dd1ffcb8a34cdbc8af5302f532fa6229371719e1
2024-01-01 10:25:00,Foyer 4,Foyer 2,0.1136,113,72d849b3731dae335a95f67ca35ee7fadf8282c3944965a2ed5ec9793cbca20c
2024-01-01 10:30:00,Foyer 4,Foyer 1,0.0958,95,2f0e65c919bdfa2d2a3799b134417df592e0b564c83bd18967d4739ebe7bb241
2024-01-01 10:30:00,Foyer 4,Foyer 2,0.0958,95,dc54a01c3ee7a375aed46608b0e070ce4b9a8fc2808093d0a1ca2e115793e474
2024-01-01 10:35:00,Foyer 4,Foyer 1,0.0507,50,67a031f55e8550dd569f686f19bbfd112b10ab45ff4aa8e6ccd158c1cc0da877
2024-01-01 10:35:00,Foyer 4,Foyer 2,0.0507,50,282385301ab3861425148149128baf970057b2d529cd019537ef7eae19f0a414
2024-01-01 10:40:00,Foyer 4,Foyer 1,0.0993,99,8da3c3bb7a9ce69d6ec3ce2529f930752d69c6811e0b84bbe8c28037379699d0
2024-01-01 10:40:00,Foyer 4,Foyer 2,0.0993,99,f2d6ba95d5638e3164c9ec9e62053a7e12b7caf1160478e37e6e3f87fb468321
2024-01-01 10:45:00,Foyer 4,Foyer 1,0.0818,81,a6c605e6dfd9b2fe263958ed05615a882e3b26212c4ec5bc4ee0f0d73593f2d8
2024-01-01 10:45:00,Foyer 4,Foyer 2,0.0818,81,7679cde9f517b103432bfd34898c55dab2dacc4b6dc161b6b5e28a6728d21aee
2024-01-01 10:50:00,Foyer 4,Foyer 1,0.125,125,1e11240b1a186e0d76735e8d8b2c94c2126b44c0a699b6d24bd3a51aec235054
2024-01-01 10:50:00,Foyer 4,Foyer 2,0.125,125,fbf849c1c5beb17292d6dabab71af442bb262b3cdf68e128299be8a3cf3ceb83
2024-01-01 10:55:00,Foyer 4,Foyer 1,0.113,113,d80fc3674a902d8e02ec78cbcbbcc76414d220770771f7ff67c6c0324924bef2
2024-01-01 10:55:00,Foyer 4,Foyer 2,0.113,113,ebe8e3cf5a9830a05be5fc9adfad26d1c836b45196eb008df5c0654a12811a24
2024-01-01 11:00:00,Foyer 4,Foyer 1,0.0961,96,d815744c52fbfc2d64322e5f8e1f5087c12783ac6acc99c12d993fefba245864
2024-01-01 11:00:00,Foyer 4,Foyer 2,0.0961,96,a1bd9533b04e7321f4c1d4264c573a490857be987201f41990ff4643b8728e44
2024-01-01 11:05:00,Foyer 4,Foyer 1,0.1094,109,ed7b6ebc770a4841a56c8772aca8501fff446f90e530fe0f7da0e4cb1eed37db
2024-01-01 11:05:00,Foyer 4,Foyer 2,0.1094,109,820cfbf3c9cba922a2ebd07e90c6b1a4c68cba34c6ff474c1bfadff3eedcc513
2024-01-01 11:15:00,Foyer 4,Foyer 1,0.1121,112,b0486f4a280ecc6a0229d2aa9751955356218a13f53c764778d8e270e714f4b4
2024-01-01 11:15:00,Foyer 4,Foyer 2,0.1121,112,4824c53375eace457afc0cec049c3fcd9e37cd952d5be8d8aeeb4ef078c4a5f6
2024-01-01 11:20:00,Foyer 4,Foyer 1,0.1473,147,6d53ff500c4186b30c432ce3a9b6eeea8ed3145c2cbdaa29f686677a309dfb15
2024-01-01 11:20:00,Foyer 4,Foyer 2,0.1473,147,b17cd27de3ef4e3d990863b31367137d24887860fcf473b50cecc0bd7a9c2f27
2024-01-01 11:25:00,Foyer 4,Foyer 1,0.1183,118,980456b1a87a6504e5af56c841ebcc00e760ee59c7bf8b9cc9d531a55a580597
2024-01-01 11:25:00,Foyer 4,Foyer 2,0.1183,118,c422b4110ec524e9f27bf07be88c0565421774be048e6f620d04a216f225d52a
2024-01-01 11:30:00,Foyer 4,Foyer 1,0.1222,122,e4f28af9f78782e3bf560708491183ba41e11eb0e630f4ad91c8b43cfe7c6595
2024-01-01 11:30:00,Foyer 4,Foyer 2,0.1222,122,aa01ffaa70c077d1ca63faab8a03cdc9c0e37892e7ff72b11c333fe06cfb3bc0
2024-01-01 11:35:00,Foyer 4,Foyer 1,0.1598,159,8b0fcdb03b3cc6344eb965002229fb2098f637e265a417aba6e0bbf67d44fd3e
2024-01-01 11:35:00,Foyer 4,Foyer 2,0.1598,159,e30c48dc711e398d092eba1812b15b54983d1d2920d1fa4a60642b7b73b3d1f5
2024-01-01 11:40:00,Foyer 4,Foyer 1,0.1366,136,722f6f5e532df7cdb87b426a70b2059d5a8368a9491d98d55bea0d86a8980439
2024-01-01 11:40:00,Foyer 4,Foyer 2,0.1366,136,026e46f3312110441329497ef0b003694bd798b1376b273df1c86a29c5918fd9
2024-01-01 11:45:00,Foyer 4,Foyer 1,0.1445,144,8403c7ea0454878464da37589104d78aaca14f607f9e1e5c78ffe0464d51d7c2
2024-01-01 11:45:00,Foyer 4,Foyer 2,0.1445,144,840e310174a190f71fe623cefb86f9e2bf5f0389c8878e7e273d7180a692ec89
2024-01-01 11:50:00,Foyer 4,Foyer 1,0.1433,143,f8465c281857112e84437337af3c432ba2e4f282ae3267e032000dde4f6f2d3b
2024-01-01 11:50:00,Foyer 4,Foyer 2,0.1433,143,b1332cc15a1350400ec200f5b27fdaac5f21387091d783bb5722e96ea03397a7
2024-01-01 11:55:00,Foyer 4,Foyer 1,0.1555,155,52572e432f34e1cb21e9d9cadaa6b91b1d9b21726d924c5fd2d675437d87938c
2024-01-01 11:55:00,Foyer 4,Foyer 2,0.1555,155,a995a67955370b5b62fba54898059ccd7b592ef6dc432f0b5b7e781d80613119
2024-01-01 12:00:00,Foyer 4,Foyer 1,0.1998,199,ab1796a90e107c59999935c67024c08f83d2d90d1518c6ac02a361be96451877
2024-01-01 12:00:00,Foyer 4,Foyer 2,0.1998,199,f8e1301ef39c23b3263403447a1d2ba3554f5f5ca09cdfa8e1b5f37155ba4e8a
2024-01-01 12:05:00,Foyer 4,Foyer 1,0.1682,168,46ed0dac82252d0a9102c758e6cdde63251362cb1f08a894e2662755289f8f88
2024-01-01 12:05:00,Foyer 4,Foyer 2,0.1682,168,75beea4b461ad22517fee931b122d7579b25ded845ce16de7ce9334da6716e85
2024-01-01 12:10:00,Foyer 4,Foyer 1,0.1853,185,34b6225c3b6a03a24835323233099e0fc7fd0d6d907773db0238428bc4847509
2024-01-01 12:10:00,Foyer 4,Foyer 2,0.1853,185,a32ee4220841890d158a82fd5e4852052fb6008a14378f08a2ea5c148cf3f50f
2024-01-01 12:15:00,Foyer 4,Foyer 1,0.2277,227,5469ad0e9cb6b88b311d1692a8583b564244b223445e3ffabf2ac4c89a343d10
2024-01-01 12:15:00,Foyer 4,Foyer 2,0.2277,227,923a9c1191bde90d7b030c883247fe5c68a52dbfed07ffb56ffe5a3425ec2ca7
2024-01-01 12:20:00,Foyer 4,Foyer 1,0.2578,257,d79f443e2a89090907b1fee0d6b7935c429d8510c2d4cc34f905ea0a5057a149
2024-01-01 12:20:00,Foyer 4,Foyer 2,0.2578,257,f0173a01fb0b1ba105a633235d19ddd56ab86644498351afa0e9af16399d9c4d
2024-01-01 12:25:00,Foyer 4,Foyer 1,0.2311,231,92ff292e4cdac9829ba0aea939fd0d16152e84a4225a45c9847fb78b736dc54d
2024-01-01 12:25:00,Foyer 4,Foyer 2,0.2311,231,316773336e0109a5fc08ef01b7c8efd5f8fdef7270f40109f8253ad502a8bb35
2024-01-01 12:30:00,Foyer 4,Foyer 1,0.2524,252,9bb87e2ebf28a79b833313f43ad43a7975f74c683ef7d0657d2faff3b722d061
2024-01-01 12:30:00,Foyer 4,Foyer 2,0.2524,252,c64dfdae424f70ab5717c9d808b38db1c4fccd50961433f71d766a73f0c538ba
2024-01-01 12:35:00,Foyer 4,Foyer 1,0.3011,301,117c1c49235d597fdecbf08bbcf73aa3e1ae39ce769ad3d112e1716525da6c3a
2024-01-01 12:35:00,Foyer 4,Foyer 2,0.3011,301,5f55ce7c1815fb0ff18ef41054ca6164e079f42f33a3e6006862c1a7c28b4ca9
2024-01-01 12:40:00,Foyer 4,Foyer 1,0.2579,257,730a5e39cc0dfd2b2c1d694c955e7e1710d6f96574c5475796160ec323310dc7
2024-01-01 12:40:00,Foyer 4,Foyer 2,0.2579,257,94e0739a5a385c5005e3a635f0041567d9ba8c05b5447660343b5c21c135edfa
2024-01-01 12:45:00,Foyer 4,Foyer 1,0.3177,317,8bccbfe40ea487c49c98af1f2e7348152db3ebba5c999ac4054fabc953ef3799
2024-01-01 12:45:00,Foyer 4,Foyer 2,0.3177,317,bb94d99452d0821c8bcf8a046593ad29ba307242198d78fcd9818ab90f84665e
2024-01-01 12:50:00,Foyer 4,Foyer 1,0.3264,326,184ccdcea811970961b7b6d8c6038d711662a74d129063a7e4398a3d00380e7d
2024-01-01 12:50:00,Foyer 4,Foyer 2,0.3264,326,37b77176595dfb9ece18205e0c527dc381aeb8f083cecc3ae39f037f6d935c2c
2024-01-01 12:55:00,Foyer 4,Foyer 1,0.3052,305,325b4178798a58a57af3d4dc82fcaf757874b2ababb65d4e171f37824e035d12
2024-01-01 12:55:00,Foyer 4,Foyer 2,0.3052,305,29d9541d25cadaceb0b87c7a51b18e7c07a5a29ff91670552195cdb860269c97
2024-01-01 13:00:00,Foyer 4,Foyer 1,0.3244,324,672fa7c125e7a854d6b51f49626b8cd9fb3a7983013756ec1940b483b0d6b1e1
2024-01-01 13:00:00,Foyer 4,Foyer 2,0.3244,324,615e37edccb771665aa3a3931fde147384b80a72adf0bcce962462d82d8d9a9f
2024-01-01 13:05:00,Foyer 4,Foyer 1,0.328,327,861a0532119c7da01e0c253e8347f3d79c625ae7787eb2a7cc849adba3110d2d
2024-01-01 13:05:00,Foyer 4,Foyer 2,0.328,327,a21f25c6cc12353f20caecb4b657d19d624fb53aa831eca1488519b39221b575
2024-01-01 13:10:00,Foyer 4,Foyer 1,0.3581,358,b7b4a7df2605f571cff24f8a452251cbd57f6cbdf8544acc7e86f849c87fc471
2024-01-01 13:10:00,Foyer 4,Foyer 2,0.3581,358,697255d28409cad250ab7d37debab1deac1fb453119b60d6b841ef6edb5dad11
2024-01-01 13:15:00,Foyer 4,Foyer 1,0.3402,340,4ec30606a71fd8f1eeb15d1136d27b94f64a322ec173de2c611de01677277636
2024-01-01 13:15:00,Foyer 4,Foyer 2,0.3402,340,0257b6860085bbeb850dd94036667cd5e9599331d587da4aa86656c1b76b8767
2024-01-01 13:20:00,Foyer 4,Foyer 1,0.3336,333,d2c00c555cbfd35b54513001f150ce3c837d615754a1c203afc550fe1fef48bf
2024-01-01 13:20:00,Foyer 4,Foyer 2,0.3336,333,ea4004c75318001fb7feeca73e9458d9ccc57e943e4682d8b66b41e69ffa4822
2024-01-01 13:25:00,Foyer 4,Foyer 1,0.3568,356,058dc5a54e9f80b8b6ecea1493f5d2c98700e777ed4dff6e43410fbf94c71538
2024-01-01 13:25:00,Foyer 4,Foyer 2,0.3568,356,5631bf39fa653ee64d4b95243545fd90d0d946be5fc2c03c39c68bf6314660c8
2024-01-01 13:30:00,Foyer 4,Foyer 1,0.3735,373,d1ea817740c4ef7b1bc923d26d2ec373b706ba796ac7d661d3c79c4a646b7fc0
2024-01-01 13:30:00,Foyer 4,Foyer 2,0.3735,373,626f68f206fcc544d85a5e0c00e88f3886d31ab60114335145bf79beecb73dc8
2024-01-01 13:35:00,Foyer 4,Foyer 1,0.3717,371,69e8017b0517966452c0567f206870825a98d4ad080dfb4bab1ec40b290c2b4f
2024-01-01 13:35:00,Foyer 4,Foyer 2,0.3717,371,a87d13d3e90b4158ad4c92b46133ada94c5325e3988d89df17b82faabc10c150
2024-01-01 13:40:00,Foyer 4,Foyer 1,0.3923,392,27b7163181fef844f9b27f8e7ce23dfa36be5dc6e20508b25fb54c6a5505c65a
2024-01-01 13:40:00,Foyer 4,Foyer 2,0.3923,392,2981e43b55c1cbc5fed396d79bc88ad2a7a4c2a5289b766eac75bff0284687f8
2024-01-01 13:45:00,Foyer 4,Foyer 1,0.371,371,6ca8c15dedf099e905ae50c1f3416ec3153543125c6d1d472aa293b9bbccb028
2024-01-01 13:45:00,Foyer 4,Foyer 2,0.371,371,a52ddad130119ba724832938689b05add139245ee67655c011a535fef32d6699
2024-01-01 13:50:00,Foyer 4,Foyer 1,0.3921,392,c3ab47a52ac800b6983605abc2c4e6713d2c6d856759f57716b158e480730405
2024-01-01 13:50:00,Foyer 4,Foyer 2,0.3921,392,00cd609d9a80ebc289f134f926a7c54178c989d3bf997e1a73522aea44bbf520
2024-01-01 13:55:00,Foyer 4,Foyer 1,0.3558,355,4d479d4def5355e15abf2e1d949f85f2a8c7b42f9c1a8006da41779c2f2699f9
2024-01-01 13:55:00,Foyer 4,Foyer 2,0.3558,355,291788f750c1f5cf5625d5c1569afdcd4a5ba4774a10cb57a7847eb20cdf937d
2024-01-01 14:00:00,Foyer 4,Foyer 1,0.4096,409,1cdd96a83b0d50dd1a52f09a1d653bf405ccbc11b760342a7eba54be4ba793ec
2024-01-01 14:00:00,Foyer 4,Foyer 2,0.4096,409,802657c4b9e212706114065d044c11543e1759524355c6572df65098c3b83c96
2024-01-01 14:05:00,Foyer 4,Foyer 1,0.3607,360,b75cfb0239a88a9ca91fc5beca82c860d1b95c61771b41c7bd05fd125f13aec9
2024-01-01 14:05:00,Foyer 4,Foyer 2,0.3607,360,14b2d0e9240a0c204b1c0a6c211611e82f3c155ff0c9bbc42af27063f08c3c1c
2024-01-01 14:10:00,Foyer 4,Foyer 1,0.3575,357,76cc0a50e6f33fe3a81a3109a34dd67ee84d053099ab558896f32187765e9c5b
2024-01-01 14:10:00,Foyer 4,Foyer 2,0.3575,357,caf1a720eecdcbf9d71ced7619e007277672cda657aaa4c88b80b600ae9a95f5
2024-01-01 14:15:00,Foyer 4,Foyer 1,0.3198,319,2229bc7066e4652453db05a081cdb869cf6b37807868a6063374bdecfbf5c955
2024-01-01 14:15:00,Foyer 4,Foyer 2,0.3198,319,722006cb45845a780cfa58c21492ed881451c348a13f97d07f6ad134587a4900
2024-01-01 14:20:00,Foyer 4,Foyer 1,0.3506,350,4474a767ec6702970136c74ce36468afd42dfdcd3c0906d139afb24a4d5b1f1d
2024-01-01 14:20:00,Foyer 4,Foyer 2,0.3506,350,34a3152b6731bfa26cbfd9e2d98b388501cd04967da540368fba5e3deffb7f2c
2024-01-01 14:25:00,Foyer 4,Foyer 1,0.3219,321,edfe539ede997a354c2e743521d6d229e227eaf048a9ad868613cd3c7592d8af
2024-01-01 14:25:00,Foyer 4,Foyer 2,0.3219,321,01b606a8b8cd62b4a1eb112c7836ab66448e6d2f3886107a0e09e8c14fb47424
2024-01-01 14:30:00,Foyer 4,Foyer 1,0.3063,306,599c026777c8835fefcb2bdcddb33716fd36de35eb5dcfe9c56a47cac6e73122
2024-01-01 14:30:00,Foyer 4,Foyer 2,0.3063,306,a197a4b6e5851c009809797b635184f5079f0f880de2c69e07fc5f1cf3021efe
2024-01-01 14:35:00,Foyer 4,Foyer 1,0.298,298,a2116bc650611970c8d08c197372a6d4243992a2c2bd680a7ab4379d3f2c8b40
2024-01-01 14:35:00,Foyer 4,Foyer 2,0.298,298,858af5fc401a612b39c181bd2a485b948f7684faf828de4310536c7b890a5893
2024-01-01 14:40:00,Foyer 4,Foyer 1,0.2984,298,df356edf30081602bac2349b96886d7ba25b3569ef215d571f5a5f068e7d9031
2024-01-01 14:40:00,Foyer 4,Foyer 2,0.2984,298,814ed6fda041136c9dc1be53cbeac326a24d29ac7c11c75023a17b5e3bfa32f8
2024-01-01 14:45:00,Foyer 4,Foyer 1,0.2603,260,d07c7c267ede400b4daed1deed17233dad59660988b66d92749a738ea1cd0c67
2024-01-01 14:45:00,Foyer 4,Foyer 2,0.2603,260,432c90eac0dd50998863407b941ff3f4a30a0f9ad1f312ec31aa4627b4660f21
2024-01-01 14:50:00,Foyer 4,Foyer 1,0.2632,263,43a4c3b44d37932f915cb30306ae9d8f8d8829b826b8047822aa9f27f48b69fa
2024-01-01 14:50:00,Foyer 4,Foyer 2,0.2632,263,7bb06e5843e9b947706ea3bd43ee91721e57fcdcac07ac317c5d21094842dd92
2024-01-01 14:55:00,Foyer 4,Foyer 1,0.2519,251,00eda80a3178179b5a03af92563bf7aa88576ba2a1ea3a3146a4d4a3df00b427
2024-01-01 14:55:00,Foyer 4,Foyer 2,0.2519,251,54aabd8ea830a5059483cf913f27880b182eb3130f9fe8124dff1b1abff26f6d
2024-01-01 15:00:00,Foyer 4,Foyer 1,0.1845,184,3b1c7e319faca88d33fb8484ee3c573128d22bdd8bf99caa7b0fc7d0a4c53dbe
2024-01-01 15:00:00,Foyer 4,Foyer 2,0.1845,184,9519058acfba1a1448b0daa095f5e1a10e3c8e72bc1b05cca11e0d7b3f470ac8
2024-01-01 15:05:00,Foyer 4,Foyer 1,0.1943,194,5db8a97d6cd00029af22a95f7dd6ac7356e20e47a8387713615824ab1a95dbaa
2024-01-01 15:05:00,Foyer 4,Foyer 2,0.1943,194,b85b8668af6633d976c211e158a05ab8954189b2554ba75433f1d1a155da998e
2024-01-01 15:10:00,Foyer 4,Foyer 1,0.1755,175,dbe9c298ff71bf2bf697a2e80615a51b2a6034923dfc93ed81e1eca463180184
2024-01-01 15:10:00,Foyer 4,Foyer 2,0.1755,175,df54c4f5f35e151a5d3accef5c2459f436e12b788f89de0d4e1b75f88f983afa
2024-01-01 15:15:00,Foyer 4,Foyer 1,0.1367,136,680f2959d09a04c294338d04cca58b84259522575ff9712ef3156e2c8820a0ac
2024-01-01 15:15:00,Foyer 4,Foyer 2,0.1367,136,beef622a29e203ab374548a49ea1c0060cefcf6961d8a0f61aa8ca06d2f61c32
